episode,agent0,agent1,agent2,agent3
1.000000000000000000e+00,-2.590374344814021867e+01
5.100000000000000000e+01,-2.542780811253217266e+01
1.010000000000000000e+02,-2.536587355968361024e+01
1.510000000000000000e+02,-2.504544698772135547e+01
2.010000000000000000e+02,-2.436059950457639189e+01
2.510000000000000000e+02,-2.422976767649811691e+01
3.010000000000000000e+02,-2.459259229949089942e+01
3.510000000000000000e+02,-2.385041788086234149e+01
4.010000000000000000e+02,-2.310109207465425030e+01
4.510000000000000000e+02,-2.325358831039856966e+01
5.010000000000000000e+02,-2.279593231294866484e+01
5.510000000000000000e+02,-2.247086843844121518e+01
6.010000000000000000e+02,-2.232758961318848279e+01
6.510000000000000000e+02,-2.187068399321888990e+01
7.010000000000000000e+02,-2.163166426921435104e+01
7.510000000000000000e+02,-2.138022831745718833e+01
8.010000000000000000e+02,-2.138076838684403569e+01
8.510000000000000000e+02,-2.081560906706737413e+01
9.010000000000000000e+02,-2.051698833659884968e+01
9.510000000000000000e+02,-2.002800556186169345e+01
1.001000000000000000e+03,-2.024544160553084282e+01
1.051000000000000000e+03,-1.948367822080009759e+01
1.101000000000000000e+03,-1.942852030133162700e+01
1.151000000000000000e+03,-1.928492653346221175e+01
1.201000000000000000e+03,-1.932464973816556508e+01
1.251000000000000000e+03,-1.898922124344442963e+01
1.301000000000000000e+03,-1.873931055160358738e+01
1.351000000000000000e+03,-1.866179433217964956e+01
1.401000000000000000e+03,-1.807393197740664093e+01
1.451000000000000000e+03,-1.805637522455710098e+01
1.501000000000000000e+03,-1.745870023500754087e+01
1.551000000000000000e+03,-1.752037368200050338e+01
1.601000000000000000e+03,-1.694925023462721114e+01
1.651000000000000000e+03,-1.721913702248993161e+01
1.701000000000000000e+03,-1.670553508020483946e+01
1.751000000000000000e+03,-1.634247375467939989e+01
1.801000000000000000e+03,-1.637072434894617601e+01
1.851000000000000000e+03,-1.607780182835149319e+01
1.901000000000000000e+03,-1.603879717429040852e+01
1.951000000000000000e+03,-1.593920839787231714e+01
2.001000000000000000e+03,-1.510139559339101289e+01
2.051000000000000000e+03,-1.534335324802260381e+01
2.101000000000000000e+03,-1.455024095295934927e+01
2.151000000000000000e+03,-1.428810096924127748e+01
2.201000000000000000e+03,-1.415078813307243877e+01
2.251000000000000000e+03,-1.425975473596413678e+01
2.301000000000000000e+03,-1.379787276266463891e+01
2.351000000000000000e+03,-1.380639921406666559e+01
2.401000000000000000e+03,-1.364013341578329985e+01
2.451000000000000000e+03,-1.333583985583121390e+01
2.501000000000000000e+03,-1.298955869627147486e+01
2.551000000000000000e+03,-1.320283471351559612e+01
2.601000000000000000e+03,-1.281562503493051253e+01
2.651000000000000000e+03,-1.230484903874339686e+01
2.701000000000000000e+03,-1.268819689066470247e+01
2.751000000000000000e+03,-1.239027497671103362e+01
2.801000000000000000e+03,-1.202686973843616869e+01
2.851000000000000000e+03,-1.157012279131641108e+01
2.901000000000000000e+03,-1.157070160545392490e+01
2.951000000000000000e+03,-1.168661786430838312e+01
3.001000000000000000e+03,-1.094426104113463794e+01
3.051000000000000000e+03,-1.079817561951414184e+01
3.101000000000000000e+03,-1.092757966329796915e+01
3.151000000000000000e+03,-1.074639440860817174e+01
3.201000000000000000e+03,-1.049285665712332438e+01
3.251000000000000000e+03,-9.967013769624557540e+00
3.301000000000000000e+03,-9.886209996623314566e+00
3.351000000000000000e+03,-9.703701423340065801e+00
3.401000000000000000e+03,-1.003646700957949633e+01
3.451000000000000000e+03,-9.904911138101553547e+00
3.501000000000000000e+03,-9.653073198136382871e+00
3.551000000000000000e+03,-9.430435005154965467e+00
3.601000000000000000e+03,-9.111502266041107134e+00
3.651000000000000000e+03,-9.146997792696927476e+00
3.701000000000000000e+03,-9.126362227815032924e+00
3.751000000000000000e+03,-8.859466197870201398e+00
3.801000000000000000e+03,-8.693957976011684963e+00
3.851000000000000000e+03,-8.543075438547187872e+00
3.901000000000000000e+03,-8.477611844977934297e+00
3.951000000000000000e+03,-8.239581707714677350e+00
4.001000000000000000e+03,-7.943647117448294992e+00
4.051000000000000000e+03,-7.698257836101578988e+00
4.101000000000000000e+03,-8.094066227293236437e+00
4.151000000000000000e+03,-7.921006868380459309e+00
4.201000000000000000e+03,-7.679820121826864465e+00
4.251000000000000000e+03,-7.452579776223273278e+00
4.301000000000000000e+03,-7.296319841624341329e+00
4.351000000000000000e+03,-7.498084603862236186e+00
4.401000000000000000e+03,-7.086142030087509980e+00
4.451000000000000000e+03,-6.963370628656535111e+00
4.501000000000000000e+03,-6.945559579017409391e+00
4.551000000000000000e+03,-7.083288341762216334e+00
4.601000000000000000e+03,-6.431732826547717607e+00
4.651000000000000000e+03,-6.643700918510143438e+00
4.701000000000000000e+03,-6.568562952733962845e+00
4.751000000000000000e+03,-6.456865488546172038e+00
4.801000000000000000e+03,-6.506263672569057910e+00
4.851000000000000000e+03,-6.102340672158190316e+00
4.901000000000000000e+03,-6.229457072924224015e+00
4.951000000000000000e+03,-6.214555516012947756e+00
5.001000000000000000e+03,-5.963174737345728005e+00
5.051000000000000000e+03,-5.955305587725086447e+00
5.101000000000000000e+03,-5.936237734146606826e+00
5.151000000000000000e+03,-5.593988608640258597e+00
5.201000000000000000e+03,-5.532169936945145139e+00
5.251000000000000000e+03,-5.630630703215077304e+00
5.301000000000000000e+03,-5.597246570320490555e+00
5.351000000000000000e+03,-5.399415190496807959e+00
5.401000000000000000e+03,-5.067677019949463180e+00
5.451000000000000000e+03,-5.114971981172345750e+00
5.501000000000000000e+03,-5.299188905704007801e+00
5.551000000000000000e+03,-5.224028541664085701e+00
5.601000000000000000e+03,-5.271437850374174339e+00
5.651000000000000000e+03,-4.989243847383291630e+00
5.701000000000000000e+03,-4.891712657339756021e+00
5.751000000000000000e+03,-4.737341186473036814e+00
5.801000000000000000e+03,-4.738021347368260194e+00
5.851000000000000000e+03,-4.735893470078470280e+00
5.901000000000000000e+03,-4.516797450152283844e+00
5.951000000000000000e+03,-4.436818594452814679e+00
6.001000000000000000e+03,-4.341359527252989459e+00
6.051000000000000000e+03,-4.635422230135588961e+00
6.101000000000000000e+03,-4.380227863884051054e+00
6.151000000000000000e+03,-4.121254353351474720e+00
6.201000000000000000e+03,-3.886147526724215595e+00
6.251000000000000000e+03,-3.982402269674997441e+00
6.301000000000000000e+03,-3.978333214183309430e+00
6.351000000000000000e+03,-3.938316136884877583e+00
6.401000000000000000e+03,-3.869995752280837920e+00
6.451000000000000000e+03,-3.826289519433379471e+00
6.501000000000000000e+03,-3.877383802868161311e+00
6.551000000000000000e+03,-3.640575960764101282e+00
6.601000000000000000e+03,-3.497428553544795538e+00
6.651000000000000000e+03,-3.504903825798059813e+00
6.701000000000000000e+03,-3.531537258342318797e+00
6.751000000000000000e+03,-3.470427016063898584e+00
6.801000000000000000e+03,-3.560978009536116318e+00
6.851000000000000000e+03,-3.473253443378863992e+00
6.901000000000000000e+03,-3.197711365014652252e+00
6.951000000000000000e+03,-3.342563168683362562e+00
7.001000000000000000e+03,-3.111219715574466527e+00
7.051000000000000000e+03,-3.270031533502705479e+00
7.101000000000000000e+03,-3.168620017178176429e+00
7.151000000000000000e+03,-3.307776049538373009e+00
7.201000000000000000e+03,-2.899591147757176302e+00
7.251000000000000000e+03,-3.151105614709067915e+00
7.301000000000000000e+03,-3.105918764431401247e+00
7.351000000000000000e+03,-2.829494925125796811e+00
7.401000000000000000e+03,-2.976286408422916807e+00
7.451000000000000000e+03,-2.962770824088440058e+00
7.501000000000000000e+03,-2.907177369003532519e+00
7.551000000000000000e+03,-2.870398494607121709e+00
7.601000000000000000e+03,-2.613434884260486424e+00
7.651000000000000000e+03,-2.777111345594948322e+00
7.701000000000000000e+03,-2.618816236560395971e+00
7.751000000000000000e+03,-2.777948184540063092e+00
7.801000000000000000e+03,-2.737380163042033132e+00
7.851000000000000000e+03,-2.768588812739420479e+00
7.901000000000000000e+03,-2.705020140627583114e+00
7.951000000000000000e+03,-2.709715924129341591e+00
8.001000000000000000e+03,-2.680823752748701772e+00
8.051000000000000000e+03,-2.648801983049947850e+00
8.101000000000000000e+03,-2.710706386596547723e+00
8.151000000000000000e+03,-2.601578745329380826e+00
8.201000000000000000e+03,-2.543262645624261520e+00
8.251000000000000000e+03,-2.548179005470973202e+00
8.301000000000000000e+03,-2.664634752603651346e+00
8.351000000000000000e+03,-2.485329315753298740e+00
8.401000000000000000e+03,-2.482961488021982355e+00
8.451000000000000000e+03,-2.492991187038307910e+00
8.501000000000000000e+03,-2.542072389885587924e+00
8.551000000000000000e+03,-2.254850138005341620e+00
8.601000000000000000e+03,-2.426866941796760102e+00
8.651000000000000000e+03,-2.416576195573112429e+00
8.701000000000000000e+03,-2.266320518720213784e+00
8.751000000000000000e+03,-2.327167351845691012e+00
8.801000000000000000e+03,-2.311356453191950155e+00
8.851000000000000000e+03,-2.251545528024873732e+00
8.901000000000000000e+03,-2.415230721258535329e+00
8.951000000000000000e+03,-2.392991403043724485e+00
9.001000000000000000e+03,-2.435815264025882776e+00
9.051000000000000000e+03,-2.264209745489006664e+00
9.101000000000000000e+03,-2.327566179095862609e+00
9.151000000000000000e+03,-2.319841721437724047e+00
9.201000000000000000e+03,-2.116797862047687939e+00
9.251000000000000000e+03,-2.229677067526870449e+00
9.301000000000000000e+03,-2.333817101239601843e+00
9.351000000000000000e+03,-2.259620743182157998e+00
9.401000000000000000e+03,-2.216105559994542951e+00
9.451000000000000000e+03,-2.180043170417499176e+00
9.501000000000000000e+03,-2.227475266438525558e+00
9.551000000000000000e+03,-2.250530796930368282e+00
9.601000000000000000e+03,-2.162753858160763709e+00
9.651000000000000000e+03,-2.113498104156098290e+00
9.701000000000000000e+03,-1.996800839458185095e+00
9.751000000000000000e+03,-2.049784418992701696e+00
9.801000000000000000e+03,-2.094146118081163355e+00
9.851000000000000000e+03,-2.067857265882793172e+00
9.901000000000000000e+03,-2.010268926226969288e+00
9.951000000000000000e+03,-2.138725256852117784e+00
1.000100000000000000e+04,-2.155710293922481480e+00
1.005100000000000000e+04,-2.170190860162700908e+00
1.010100000000000000e+04,-1.979414405615745221e+00
1.015100000000000000e+04,-2.110811593700779643e+00
1.020100000000000000e+04,-2.063693412952924078e+00
1.025100000000000000e+04,-1.950152137897080529e+00
1.030100000000000000e+04,-2.032606962187762267e+00
1.035100000000000000e+04,-2.091504104125484709e+00
1.040100000000000000e+04,-2.029932590018185934e+00
1.045100000000000000e+04,-1.994486562381736272e+00
1.050100000000000000e+04,-2.103749412763740612e+00
1.055100000000000000e+04,-2.107360266583865105e+00
1.060100000000000000e+04,-1.954395263672795036e+00
1.065100000000000000e+04,-2.061017490795143736e+00
1.070100000000000000e+04,-2.031456756293815058e+00
1.075100000000000000e+04,-1.934878199449630909e+00
1.080100000000000000e+04,-2.102666938404034180e+00
1.085100000000000000e+04,-2.118099283676619482e+00
1.090100000000000000e+04,-2.126008139911298223e+00
1.095100000000000000e+04,-2.010688717465259678e+00
1.100100000000000000e+04,-2.056233541218406735e+00
1.105100000000000000e+04,-2.027392547656130972e+00
1.110100000000000000e+04,-2.008275523724685652e+00
1.115100000000000000e+04,-1.889635119080841363e+00
1.120100000000000000e+04,-1.951880104872900201e+00
1.125100000000000000e+04,-1.942996254290943803e+00
1.130100000000000000e+04,-2.115897249080997078e+00
1.135100000000000000e+04,-2.057252787182820342e+00
1.140100000000000000e+04,-1.918676079590971417e+00
1.145100000000000000e+04,-2.027256685139859460e+00
1.150100000000000000e+04,-1.955103416227810254e+00
1.155100000000000000e+04,-2.006188327591315268e+00
1.160100000000000000e+04,-2.100995833768855015e+00
1.165100000000000000e+04,-1.896747715055176142e+00
1.170100000000000000e+04,-2.022999085960063947e+00
1.175100000000000000e+04,-1.921047570479867961e+00
1.180100000000000000e+04,-1.864437579440307635e+00
1.185100000000000000e+04,-1.997583074210370624e+00
1.190100000000000000e+04,-1.849447061209861243e+00
1.195100000000000000e+04,-1.939819401348201300e+00
1.200100000000000000e+04,-1.843390806306027141e+00
1.205100000000000000e+04,-1.988697876935694886e+00
1.210100000000000000e+04,-1.977342877451056413e+00
1.215100000000000000e+04,-2.081062789893152409e+00
1.220100000000000000e+04,-2.031908519485021714e+00
1.225100000000000000e+04,-1.875178312446881268e+00
1.230100000000000000e+04,-2.033504593498672630e+00
1.235100000000000000e+04,-1.972932071121394237e+00
1.240100000000000000e+04,-1.932552445826214660e+00
1.245100000000000000e+04,-2.025548155392593586e+00
1.250100000000000000e+04,-1.973861997150872405e+00
1.255100000000000000e+04,-1.963615584857594465e+00
1.260100000000000000e+04,-2.039583233467318291e+00
1.265100000000000000e+04,-2.131029312384865371e+00
1.270100000000000000e+04,-2.007883551211613771e+00
1.275100000000000000e+04,-2.059639189061266862e+00
1.280100000000000000e+04,-1.944384733177399127e+00
1.285100000000000000e+04,-2.020094780602250673e+00
1.290100000000000000e+04,-2.196971442999158253e+00
1.295100000000000000e+04,-2.115950852559804751e+00
1.300100000000000000e+04,-1.995256033914868166e+00
1.305100000000000000e+04,-2.030803389491223854e+00
1.310100000000000000e+04,-2.138598997449748129e+00
1.315100000000000000e+04,-2.086299232843967566e+00
1.320100000000000000e+04,-1.980709745223402596e+00
1.325100000000000000e+04,-2.048198848074155087e+00
1.330100000000000000e+04,-2.275024188211051790e+00
1.335100000000000000e+04,-2.034140991634031614e+00
1.340100000000000000e+04,-2.104708219199225461e+00
1.345100000000000000e+04,-1.999439081803821461e+00
1.350100000000000000e+04,-2.142848673701525986e+00
1.355100000000000000e+04,-1.956918045092435943e+00
1.360100000000000000e+04,-2.078860565641085678e+00
1.365100000000000000e+04,-2.068544176108289001e+00
1.370100000000000000e+04,-2.177638718157798969e+00
1.375100000000000000e+04,-2.206482744516348848e+00
1.380100000000000000e+04,-2.094367380329655415e+00
1.385100000000000000e+04,-2.207218014873601142e+00
1.390100000000000000e+04,-2.095136549640644219e+00
1.395100000000000000e+04,-2.087453198989328573e+00
1.400100000000000000e+04,-2.361362188980846710e+00
1.405100000000000000e+04,-2.055176107874142399e+00
1.410100000000000000e+04,-1.996699809836079309e+00
1.415100000000000000e+04,-2.170500128989693245e+00
1.420100000000000000e+04,-2.083503175905613958e+00
1.425100000000000000e+04,-2.092453617622226592e+00
1.430100000000000000e+04,-2.175698473210729400e+00
1.435100000000000000e+04,-1.917320879879784057e+00
1.440100000000000000e+04,-2.046955654500405508e+00
1.445100000000000000e+04,-1.954500860943811036e+00
1.450100000000000000e+04,-2.081608411074180154e+00
1.455100000000000000e+04,-2.125351863407723307e+00
1.460100000000000000e+04,-2.093173841234793553e+00
1.465100000000000000e+04,-2.060044157932156672e+00
1.470100000000000000e+04,-2.222803386433491291e+00
1.475100000000000000e+04,-2.046700029129890464e+00
1.480100000000000000e+04,-2.116677795324767075e+00
1.485100000000000000e+04,-2.018192769532129116e+00
1.490100000000000000e+04,-1.926771661563939420e+00
1.495100000000000000e+04,-2.243989350594151944e+00
1.500100000000000000e+04,-2.069740292142020710e+00
1.505100000000000000e+04,-2.140753497382272830e+00
1.510100000000000000e+04,-2.025795016590497877e+00
1.515100000000000000e+04,-2.023363566060250918e+00
1.520100000000000000e+04,-1.992426834134999769e+00
1.525100000000000000e+04,-1.980458688219726593e+00
1.530100000000000000e+04,-2.052129665948669413e+00
1.535100000000000000e+04,-2.008558971171237939e+00
1.540100000000000000e+04,-2.046436746836805654e+00
1.545100000000000000e+04,-2.003510761150700148e+00
1.550100000000000000e+04,-1.951150950972385445e+00
1.555100000000000000e+04,-1.974651874980667854e+00
1.560100000000000000e+04,-2.008258872853408761e+00
1.565100000000000000e+04,-2.015362724967290298e+00
1.570100000000000000e+04,-1.946114764955193754e+00
1.575100000000000000e+04,-2.048794571046621993e+00
1.580100000000000000e+04,-1.851674797377719228e+00
1.585100000000000000e+04,-2.000020035333840873e+00
1.590100000000000000e+04,-1.745981776171754429e+00
1.595100000000000000e+04,-2.049403755068080812e+00
1.600100000000000000e+04,-2.002550297527375456e+00
1.605100000000000000e+04,-1.896417531616393815e+00
1.610100000000000000e+04,-1.848221237862265998e+00
1.615100000000000000e+04,-1.907955246574174257e+00
1.620100000000000000e+04,-1.869654717490070395e+00
1.625100000000000000e+04,-1.889958986411993669e+00
1.630100000000000000e+04,-1.801440230322753244e+00
1.635100000000000000e+04,-1.855888604088784311e+00
1.640100000000000000e+04,-2.013548282757333663e+00
1.645100000000000000e+04,-1.780648618242608894e+00
1.650100000000000000e+04,-1.986328662023605141e+00
1.655100000000000000e+04,-1.765606735728753485e+00
1.660100000000000000e+04,-1.864128392366447562e+00
1.665100000000000000e+04,-2.032442857521686186e+00
1.670100000000000000e+04,-1.890137144269856462e+00
1.675100000000000000e+04,-1.835226225132386091e+00
1.680100000000000000e+04,-1.866892993443979520e+00
1.685100000000000000e+04,-1.784185016137170621e+00
1.690100000000000000e+04,-1.944754820980830301e+00
1.695100000000000000e+04,-1.978782896002923453e+00
1.700100000000000000e+04,-2.040558938571773506e+00
1.705100000000000000e+04,-1.964435843825777628e+00
1.710100000000000000e+04,-1.955492086697947940e+00
1.715100000000000000e+04,-1.884861504845191771e+00
1.720100000000000000e+04,-1.980564406362517849e+00
1.725100000000000000e+04,-2.003693803513788563e+00
1.730100000000000000e+04,-2.004351489992967750e+00
1.735100000000000000e+04,-1.873453968567278416e+00
1.740100000000000000e+04,-1.777685557419788065e+00
1.745100000000000000e+04,-1.886408438720019731e+00
1.750100000000000000e+04,-1.951573053645115463e+00
1.755100000000000000e+04,-1.972220535399019425e+00
1.760100000000000000e+04,-2.012643040529937810e+00
1.765100000000000000e+04,-1.902582614162034336e+00
1.770100000000000000e+04,-1.987855596187356078e+00
1.775100000000000000e+04,-1.975633812279113943e+00
1.780100000000000000e+04,-2.086438566705496989e+00
1.785100000000000000e+04,-2.039110109600330123e+00
1.790100000000000000e+04,-1.894491314400177151e+00
1.795100000000000000e+04,-1.832247622425702938e+00
1.800100000000000000e+04,-2.028788671934545373e+00
1.805100000000000000e+04,-1.871343483795124607e+00
1.810100000000000000e+04,-1.974337256710896327e+00
1.815100000000000000e+04,-1.944758970850239521e+00
1.820100000000000000e+04,-1.954594459996446654e+00
1.825100000000000000e+04,-1.979143578535451420e+00
1.830100000000000000e+04,-2.036338327496634903e+00
1.835100000000000000e+04,-1.968218785433471618e+00
1.840100000000000000e+04,-2.097728839389108924e+00
1.845100000000000000e+04,-1.992137368231118533e+00
1.850100000000000000e+04,-2.095397936360414270e+00
1.855100000000000000e+04,-2.026848680360637811e+00
1.860100000000000000e+04,-1.938524369344161613e+00
1.865100000000000000e+04,-2.005056003213499860e+00
1.870100000000000000e+04,-2.097040939106578517e+00
1.875100000000000000e+04,-2.036293590158096301e+00
1.880100000000000000e+04,-1.976100878461902299e+00
1.885100000000000000e+04,-1.997787707813612590e+00
1.890100000000000000e+04,-2.044719695161496542e+00
1.895100000000000000e+04,-2.034732307483303693e+00
1.900100000000000000e+04,-2.049987995539953367e+00
1.905100000000000000e+04,-1.973213357656608213e+00
1.910100000000000000e+04,-1.909611508628058507e+00
1.915100000000000000e+04,-1.918752453653115975e+00
1.920100000000000000e+04,-1.973111439410319523e+00
1.925100000000000000e+04,-1.787915052270361960e+00
1.930100000000000000e+04,-1.739615291009038556e+00
1.935100000000000000e+04,-1.903308004255410468e+00
1.940100000000000000e+04,-1.863807007033794427e+00
1.945100000000000000e+04,-1.760735187507038280e+00
1.950100000000000000e+04,-1.773275539907867460e+00
1.955100000000000000e+04,-1.740950363235335363e+00
1.960100000000000000e+04,-1.761697514120323937e+00
1.965100000000000000e+04,-1.797075709477003347e+00
1.970100000000000000e+04,-1.975985290420903207e+00
1.975100000000000000e+04,-1.770982506572076787e+00
1.980100000000000000e+04,-1.871859759489574060e+00
1.985100000000000000e+04,-1.813664160389286018e+00
1.990100000000000000e+04,-1.859269645878597776e+00
1.995100000000000000e+04,-1.893539799854744743e+00
2.000100000000000000e+04,-1.759125699148762934e+00
2.005100000000000000e+04,-1.690026917347518864e+00
2.010100000000000000e+04,-1.790136674257688076e+00
2.015100000000000000e+04,-1.815747784293395561e+00
2.020100000000000000e+04,-1.843038149190416641e+00
2.025100000000000000e+04,-1.730375117815155184e+00
2.030100000000000000e+04,-1.845047863773076724e+00
2.035100000000000000e+04,-1.784807745619282127e+00
2.040100000000000000e+04,-1.661224643291361769e+00
2.045100000000000000e+04,-1.678172673389296765e+00
2.050100000000000000e+04,-1.732350532737165327e+00
2.055100000000000000e+04,-1.590306754993159988e+00
2.060100000000000000e+04,-1.566590384348617748e+00
2.065100000000000000e+04,-1.785352839594593011e+00
2.070100000000000000e+04,-1.693304806808882512e+00
2.075100000000000000e+04,-1.550179485620541309e+00
2.080100000000000000e+04,-1.634342961348100864e+00
2.085100000000000000e+04,-1.732603413673492243e+00
2.090100000000000000e+04,-1.584026887071041889e+00
2.095100000000000000e+04,-1.630210134940908384e+00
2.100100000000000000e+04,-1.621249949804723034e+00
2.105100000000000000e+04,-1.689681239496448661e+00
2.110100000000000000e+04,-1.649821988408875617e+00
2.115100000000000000e+04,-1.682526722753520554e+00
2.120100000000000000e+04,-1.662969004020718566e+00
2.125100000000000000e+04,-1.500472089247897101e+00
2.130100000000000000e+04,-1.542568178773400689e+00
2.135100000000000000e+04,-1.549794704851523486e+00
2.140100000000000000e+04,-1.479610872706413893e+00
2.145100000000000000e+04,-1.606517034424971513e+00
2.150100000000000000e+04,-1.613470735566487679e+00
2.155100000000000000e+04,-1.492995545510294564e+00
2.160100000000000000e+04,-1.613604693026631454e+00
2.165100000000000000e+04,-1.773651962750784516e+00
2.170100000000000000e+04,-1.573689082105517389e+00
2.175100000000000000e+04,-1.558995954253015181e+00
2.180100000000000000e+04,-1.579142935091688127e+00
2.185100000000000000e+04,-1.627861692464122711e+00
2.190100000000000000e+04,-1.601796311041987497e+00
2.195100000000000000e+04,-1.527561495024089444e+00
2.200100000000000000e+04,-1.592703841781764718e+00
2.205100000000000000e+04,-1.646189700686574220e+00
2.210100000000000000e+04,-1.652641584113731632e+00
2.215100000000000000e+04,-1.654390550343037614e+00
2.220100000000000000e+04,-1.568938383898748290e+00
2.225100000000000000e+04,-1.609830086900192914e+00
2.230100000000000000e+04,-1.673237257622415708e+00
2.235100000000000000e+04,-1.756122230552598529e+00
2.240100000000000000e+04,-1.633321863298806020e+00
2.245100000000000000e+04,-1.703965193410001744e+00
2.250100000000000000e+04,-1.574866493067708761e+00
2.255100000000000000e+04,-1.642790606764916062e+00
2.260100000000000000e+04,-1.510473026415741327e+00
2.265100000000000000e+04,-1.702346331875849827e+00
2.270100000000000000e+04,-1.603708623121037347e+00
2.275100000000000000e+04,-1.882603013302717399e+00
2.280100000000000000e+04,-1.618380374810172606e+00
2.285100000000000000e+04,-1.687891927092683542e+00
2.290100000000000000e+04,-1.634672428665581823e+00
2.295100000000000000e+04,-1.625594736027538456e+00
2.300100000000000000e+04,-1.664743199180193312e+00
2.305100000000000000e+04,-1.689349936385197593e+00
2.310100000000000000e+04,-1.706232115970713004e+00
2.315100000000000000e+04,-1.674975728755239590e+00
2.320100000000000000e+04,-1.812743568627654511e+00
2.325100000000000000e+04,-1.889381104904337194e+00
2.330100000000000000e+04,-1.849765548509421986e+00
2.335100000000000000e+04,-1.772736003487758172e+00
2.340100000000000000e+04,-1.771401770307047485e+00
2.345100000000000000e+04,-1.602264136910547920e+00
2.350100000000000000e+04,-1.712526552524890278e+00
2.355100000000000000e+04,-1.730767110132094500e+00
2.360100000000000000e+04,-1.615346279359090254e+00
2.365100000000000000e+04,-1.683198208518217553e+00
2.370100000000000000e+04,-1.696340428411811763e+00
2.375100000000000000e+04,-1.712515493057404692e+00
2.380100000000000000e+04,-1.790349589124872853e+00
2.385100000000000000e+04,-1.600523538146705560e+00
2.390100000000000000e+04,-1.673957538516983590e+00
2.395100000000000000e+04,-1.655401489825971684e+00
2.400100000000000000e+04,-1.698606007334746870e+00
2.405100000000000000e+04,-1.738564115975960611e+00
2.410100000000000000e+04,-1.735828014674201336e+00
2.415100000000000000e+04,-1.742017135831754437e+00
2.420100000000000000e+04,-1.689703590831902691e+00
2.425100000000000000e+04,-1.706894790326767497e+00
2.430100000000000000e+04,-1.679157065947012528e+00
2.435100000000000000e+04,-1.618698476944609999e+00
2.440100000000000000e+04,-1.575640162252640586e+00
2.445100000000000000e+04,-1.681146743487229145e+00
2.450100000000000000e+04,-1.735308713570774319e+00
2.455100000000000000e+04,-1.601919703551178298e+00
2.460100000000000000e+04,-1.630421580800442971e+00
2.465100000000000000e+04,-1.686322525575549847e+00
2.470100000000000000e+04,-1.696155536700954425e+00
2.475100000000000000e+04,-1.773447929001793266e+00
2.480100000000000000e+04,-1.733498611798788058e+00
2.485100000000000000e+04,-1.656095630745479497e+00
2.490100000000000000e+04,-1.842389656247488183e+00
2.495100000000000000e+04,-1.878041250346130120e+00
2.500100000000000000e+04,-1.863694347047686994e+00
2.505100000000000000e+04,-1.827745019876640509e+00
2.510100000000000000e+04,-1.863465476336120918e+00
2.515100000000000000e+04,-1.685497696315045868e+00
2.520100000000000000e+04,-1.713751039312980007e+00
2.525100000000000000e+04,-1.852105799323582991e+00
2.530100000000000000e+04,-1.881258849413719680e+00
2.535100000000000000e+04,-1.914797800480374734e+00
2.540100000000000000e+04,-1.736977380491870449e+00
2.545100000000000000e+04,-1.944646521273257544e+00
2.550100000000000000e+04,-1.865892513805233799e+00
2.555100000000000000e+04,-1.788771940217717127e+00
2.560100000000000000e+04,-1.885411456198493152e+00
2.565100000000000000e+04,-1.825801472956524174e+00
2.570100000000000000e+04,-1.944864350633453531e+00
2.575100000000000000e+04,-1.836715662366609880e+00
2.580100000000000000e+04,-1.846694516103662753e+00
2.585100000000000000e+04,-1.990144096970971388e+00
2.590100000000000000e+04,-1.914617436544721718e+00
2.595100000000000000e+04,-1.908263637547983338e+00
2.600100000000000000e+04,-1.918955013274975974e+00
2.605100000000000000e+04,-1.958626523575492939e+00
2.610100000000000000e+04,-1.773522338167568879e+00
2.615100000000000000e+04,-1.842476655316743983e+00
2.620100000000000000e+04,-1.760539156860667198e+00
2.625100000000000000e+04,-1.632864459595621653e+00
2.630100000000000000e+04,-1.712238719839240808e+00
2.635100000000000000e+04,-1.711343996885612562e+00
2.640100000000000000e+04,-1.711864393684944474e+00
2.645100000000000000e+04,-1.663380670541287021e+00
2.650100000000000000e+04,-1.735859212021082287e+00
2.655100000000000000e+04,-1.703715810983098988e+00
2.660100000000000000e+04,-1.642551169624473228e+00
2.665100000000000000e+04,-1.788548022289751405e+00
2.670100000000000000e+04,-1.853451589909302921e+00
2.675100000000000000e+04,-1.672258313768612670e+00
2.680100000000000000e+04,-1.608128741620006963e+00
2.685100000000000000e+04,-1.598616412010701815e+00
2.690100000000000000e+04,-1.684288606468905769e+00
2.695100000000000000e+04,-1.635868658256213859e+00
2.700100000000000000e+04,-1.607393821047583327e+00
2.705100000000000000e+04,-1.590367046855764910e+00
2.710100000000000000e+04,-1.598110350385057110e+00
2.715100000000000000e+04,-1.650054527605392396e+00
2.720100000000000000e+04,-1.598819898660412298e+00
2.725100000000000000e+04,-1.582557994745328322e+00
2.730100000000000000e+04,-1.555079312310774453e+00
2.735100000000000000e+04,-1.616441470943813075e+00
2.740100000000000000e+04,-1.671141519928629471e+00
2.745100000000000000e+04,-1.673119646024865181e+00
2.750100000000000000e+04,-1.617487039788567005e+00
2.755100000000000000e+04,-1.741483869574217858e+00
2.760100000000000000e+04,-1.628571257241040016e+00
2.765100000000000000e+04,-1.576716841262478130e+00
2.770100000000000000e+04,-1.779602573537543586e+00
2.775100000000000000e+04,-1.746937494358633991e+00
2.780100000000000000e+04,-1.694218359801395568e+00
2.785100000000000000e+04,-1.645344295661330669e+00
2.790100000000000000e+04,-1.702141317834034329e+00
2.795100000000000000e+04,-1.700355415705710804e+00
2.800100000000000000e+04,-1.770949017079647581e+00
2.805100000000000000e+04,-1.573445842488224722e+00
2.810100000000000000e+04,-1.702840120102229626e+00
2.815100000000000000e+04,-1.669434887935500100e+00
2.820100000000000000e+04,-1.718625358565023298e+00
2.825100000000000000e+04,-1.684522116818807369e+00
2.830100000000000000e+04,-1.672853627741933913e+00
2.835100000000000000e+04,-1.610748105970394750e+00
2.840100000000000000e+04,-1.729936504886658177e+00
2.845100000000000000e+04,-1.620640976802124600e+00
2.850100000000000000e+04,-1.644251728059586526e+00
2.855100000000000000e+04,-1.659115908567362796e+00
2.860100000000000000e+04,-1.660257952530147740e+00
2.865100000000000000e+04,-1.543417902120131080e+00
2.870100000000000000e+04,-1.548970994798472889e+00
2.875100000000000000e+04,-1.558025584667940500e+00
2.880100000000000000e+04,-1.524773077043904301e+00
2.885100000000000000e+04,-1.546423208143238082e+00
2.890100000000000000e+04,-1.618988029133288542e+00
2.895100000000000000e+04,-1.483124867464374663e+00
2.900100000000000000e+04,-1.467323581796389664e+00
2.905100000000000000e+04,-1.517438655938998515e+00
2.910100000000000000e+04,-1.491808020492635389e+00
2.915100000000000000e+04,-1.430787856035812933e+00
2.920100000000000000e+04,-1.456978221018429442e+00
2.925100000000000000e+04,-1.413104339076959315e+00
2.930100000000000000e+04,-1.446392163364744521e+00
2.935100000000000000e+04,-1.432365792125272153e+00
2.940100000000000000e+04,-1.329945788325817002e+00
2.945100000000000000e+04,-1.423310982309563988e+00
2.950100000000000000e+04,-1.428489840841463687e+00
2.955100000000000000e+04,-1.392517563500293098e+00
2.960100000000000000e+04,-1.429470305710054623e+00
2.965100000000000000e+04,-1.460000993113216960e+00
2.970100000000000000e+04,-1.463173140962913399e+00
2.975100000000000000e+04,-1.508001951174992916e+00
2.980100000000000000e+04,-1.409784273045194603e+00
2.985100000000000000e+04,-1.423332249387726289e+00
2.990100000000000000e+04,-1.403047682476247671e+00
2.995100000000000000e+04,-1.552380597833658005e+00
3.000100000000000000e+04,-1.634661124734725579e+00
3.005100000000000000e+04,-1.459248777639446271e+00
3.010100000000000000e+04,-1.509159620120525513e+00
3.015100000000000000e+04,-1.466723924475992424e+00
3.020100000000000000e+04,-1.424612488899785090e+00
3.025100000000000000e+04,-1.472611532618854691e+00
3.030100000000000000e+04,-1.310811133698785547e+00
3.035100000000000000e+04,-1.325782533093905258e+00
3.040100000000000000e+04,-1.422970980536034658e+00
3.045100000000000000e+04,-1.450803664094715506e+00
3.050100000000000000e+04,-1.596186544105741900e+00
3.055100000000000000e+04,-1.422421225585973170e+00
3.060100000000000000e+04,-1.543549081319070648e+00
3.065100000000000000e+04,-1.535125012142680934e+00
3.070100000000000000e+04,-1.469886446053803697e+00
3.075100000000000000e+04,-1.556908794705466725e+00
3.080100000000000000e+04,-1.570462076479731461e+00
3.085100000000000000e+04,-1.607022209444592065e+00
3.090100000000000000e+04,-1.564172352036699243e+00
3.095100000000000000e+04,-1.517937882864821120e+00
3.100100000000000000e+04,-1.523217838927842571e+00
3.105100000000000000e+04,-1.578060486865033418e+00
3.110100000000000000e+04,-1.621198954148601157e+00
3.115100000000000000e+04,-1.564913662826560525e+00
3.120100000000000000e+04,-1.415106073782943064e+00
3.125100000000000000e+04,-1.493810685585386100e+00
3.130100000000000000e+04,-1.513135673636110567e+00
3.135100000000000000e+04,-1.504083137492150835e+00
3.140100000000000000e+04,-1.509647547996397332e+00
3.145100000000000000e+04,-1.543739266550215650e+00
3.150100000000000000e+04,-1.530449187508814868e+00
3.155100000000000000e+04,-1.559368781103423141e+00
3.160100000000000000e+04,-1.574086656701770615e+00
3.165100000000000000e+04,-1.628321439318080266e+00
3.170100000000000000e+04,-1.593388031452180442e+00
3.175100000000000000e+04,-1.608565464804222245e+00
3.180100000000000000e+04,-1.687222685222031338e+00
3.185100000000000000e+04,-1.693473237765659833e+00
3.190100000000000000e+04,-1.614522619410646564e+00
3.195100000000000000e+04,-1.773917647169671374e+00
3.200100000000000000e+04,-1.748120748931409896e+00
3.205100000000000000e+04,-1.746776348911854626e+00
3.210100000000000000e+04,-1.784831810868446667e+00
3.215100000000000000e+04,-1.742697222125847212e+00
3.220100000000000000e+04,-1.717148716416944554e+00
3.225100000000000000e+04,-1.894952953573277199e+00
3.230100000000000000e+04,-1.729966838228437664e+00
3.235100000000000000e+04,-1.851714720649772605e+00
3.240100000000000000e+04,-1.801721387333590885e+00
3.245100000000000000e+04,-1.745092474740607358e+00
3.250100000000000000e+04,-1.839426482471212765e+00
3.255100000000000000e+04,-1.903893708251406247e+00
3.260100000000000000e+04,-1.635007047389390067e+00
3.265100000000000000e+04,-1.646792349484373919e+00
3.270100000000000000e+04,-1.664789111571830071e+00
3.275100000000000000e+04,-1.595768954710782506e+00
3.280100000000000000e+04,-1.634709394833371965e+00
3.285100000000000000e+04,-1.659501240709417846e+00
3.290100000000000000e+04,-1.530175237453137438e+00
3.295100000000000000e+04,-1.691946540240679031e+00
3.300100000000000000e+04,-1.628503014232609791e+00
3.305100000000000000e+04,-1.614821437951371674e+00
3.310100000000000000e+04,-1.616885492782669687e+00
3.315100000000000000e+04,-1.675939201315334248e+00
3.320100000000000000e+04,-1.624035834419375268e+00
3.325100000000000000e+04,-1.488114460602409928e+00
3.330100000000000000e+04,-1.593621380426956780e+00
3.335100000000000000e+04,-1.469822148093404390e+00
3.340100000000000000e+04,-1.536388711283917630e+00
3.345100000000000000e+04,-1.533809626127587089e+00
3.350100000000000000e+04,-1.509473917056687320e+00
3.355100000000000000e+04,-1.492318553798124281e+00
3.360100000000000000e+04,-1.478761067290120135e+00
3.365100000000000000e+04,-1.496860313775521423e+00
3.370100000000000000e+04,-1.473362258402110880e+00
3.375100000000000000e+04,-1.515226227917757296e+00
3.380100000000000000e+04,-1.328129222941976773e+00
3.385100000000000000e+04,-1.408185996303758625e+00
3.390100000000000000e+04,-1.406788853236571768e+00
3.395100000000000000e+04,-1.474755026066074670e+00
3.400100000000000000e+04,-1.506494812212860523e+00
3.405100000000000000e+04,-1.496031743154839555e+00
3.410100000000000000e+04,-1.432514101320429223e+00
3.415100000000000000e+04,-1.549496541242254777e+00
3.420100000000000000e+04,-1.500627480820127868e+00
3.425100000000000000e+04,-1.464361344096455575e+00
3.430100000000000000e+04,-1.542787539124670149e+00
3.435100000000000000e+04,-1.542463666839198222e+00
3.440100000000000000e+04,-1.474232720778699601e+00
3.445100000000000000e+04,-1.493715174668179380e+00
3.450100000000000000e+04,-1.372945620911559361e+00
3.455100000000000000e+04,-1.330709523494550517e+00
3.460100000000000000e+04,-1.361101289651178048e+00
3.465100000000000000e+04,-1.283303529407269439e+00
3.470100000000000000e+04,-1.242383938699563650e+00
3.475100000000000000e+04,-1.299653639196229893e+00
3.480100000000000000e+04,-1.400841654976390682e+00
3.485100000000000000e+04,-1.395705641427851251e+00
3.490100000000000000e+04,-1.317325654411870106e+00
3.495100000000000000e+04,-1.250318076450370741e+00
3.500100000000000000e+04,-1.249673630343229869e+00
3.505100000000000000e+04,-1.194274166654276215e+00
3.510100000000000000e+04,-1.156488552134012693e+00
3.515100000000000000e+04,-1.121071086640278214e+00
3.520100000000000000e+04,-1.209302945042912469e+00
3.525100000000000000e+04,-1.196483992573253330e+00
3.530100000000000000e+04,-1.112238453977682173e+00
3.535100000000000000e+04,-1.248668024838158308e+00
3.540100000000000000e+04,-1.165227560096407711e+00
3.545100000000000000e+04,-1.257746377714113795e+00
3.550100000000000000e+04,-1.287951967292812139e+00
3.555100000000000000e+04,-1.318548554705361031e+00
3.560100000000000000e+04,-1.319006541743925398e+00
3.565100000000000000e+04,-1.296858301705062333e+00
3.570100000000000000e+04,-1.299932566271670531e+00
3.575100000000000000e+04,-1.302353987377786959e+00
3.580100000000000000e+04,-1.318549161779711154e+00
3.585100000000000000e+04,-1.412605243905163954e+00
3.590100000000000000e+04,-1.379645852419346896e+00
3.595100000000000000e+04,-1.508198330125718467e+00
3.600100000000000000e+04,-1.378306671452274479e+00
3.605100000000000000e+04,-1.473093481824765627e+00
3.610100000000000000e+04,-1.585722428816388252e+00
3.615100000000000000e+04,-1.582326625300413792e+00
3.620100000000000000e+04,-1.429066511183324950e+00
3.625100000000000000e+04,-1.367737922504648651e+00
3.630100000000000000e+04,-1.350301058446619962e+00
3.635100000000000000e+04,-1.379644061603927163e+00
3.640100000000000000e+04,-1.444786432845699853e+00
3.645100000000000000e+04,-1.344749754898103333e+00
3.650100000000000000e+04,-1.287297236578405224e+00
3.655100000000000000e+04,-1.260022769498637896e+00
3.660100000000000000e+04,-1.330646400682321318e+00
3.665100000000000000e+04,-1.328448886524547401e+00
3.670100000000000000e+04,-1.310836707163762993e+00
3.675100000000000000e+04,-1.223222055667799069e+00
3.680100000000000000e+04,-1.393755468125136510e+00
3.685100000000000000e+04,-1.172794704206164385e+00
3.690100000000000000e+04,-1.423284184105607642e+00
3.695100000000000000e+04,-1.458631986290448435e+00
3.700100000000000000e+04,-1.377635936433787123e+00
3.705100000000000000e+04,-1.324543063910070817e+00
3.710100000000000000e+04,-1.305625692047672981e+00
3.715100000000000000e+04,-1.462609431172763763e+00
3.720100000000000000e+04,-1.364663684537575694e+00
3.725100000000000000e+04,-1.221833570507564026e+00
3.730100000000000000e+04,-1.404746352765936068e+00
3.735100000000000000e+04,-1.256415619962938379e+00
3.740100000000000000e+04,-1.229704903667893090e+00
3.745100000000000000e+04,-1.401169748534990100e+00
3.750100000000000000e+04,-1.519939690919591024e+00
3.755100000000000000e+04,-1.394130339525069484e+00
3.760100000000000000e+04,-1.365091061702144337e+00
3.765100000000000000e+04,-1.475850485912569621e+00
3.770100000000000000e+04,-1.386841642467054214e+00
3.775100000000000000e+04,-1.239236230088901491e+00
3.780100000000000000e+04,-1.301573142154646590e+00
3.785100000000000000e+04,-1.258061580429276960e+00
3.790100000000000000e+04,-1.350640120896106744e+00
3.795100000000000000e+04,-1.269168319074330586e+00
3.800100000000000000e+04,-1.379193771810223623e+00
3.805100000000000000e+04,-1.374400866671554144e+00
3.810100000000000000e+04,-1.379144452336854787e+00
3.815100000000000000e+04,-1.268824222700741799e+00
3.820100000000000000e+04,-1.348502212740215311e+00
3.825100000000000000e+04,-1.297181690736010529e+00
3.830100000000000000e+04,-1.255551992640881132e+00
3.835100000000000000e+04,-1.354377497830683508e+00
3.840100000000000000e+04,-1.158658997684869130e+00
3.845100000000000000e+04,-1.259333881699396862e+00
3.850100000000000000e+04,-1.225564095837928802e+00
3.855100000000000000e+04,-1.345372932680531708e+00
3.860100000000000000e+04,-1.207263016531040067e+00
3.865100000000000000e+04,-1.351693247305174150e+00
3.870100000000000000e+04,-1.324366213253540314e+00
3.875100000000000000e+04,-1.261329541871986537e+00
3.880100000000000000e+04,-1.287599094930934385e+00
3.885100000000000000e+04,-1.378286844872059103e+00
3.890100000000000000e+04,-1.457869475715247498e+00
3.895100000000000000e+04,-1.274114904520660563e+00
3.900100000000000000e+04,-1.351416510331476584e+00
3.905100000000000000e+04,-1.365642732186033603e+00
3.910100000000000000e+04,-1.461229826428517731e+00
3.915100000000000000e+04,-1.379066229358982154e+00
3.920100000000000000e+04,-1.312679512623257772e+00
3.925100000000000000e+04,-1.344315852529240018e+00
3.930100000000000000e+04,-1.332763789490397643e+00
3.935100000000000000e+04,-1.313113262439745466e+00
3.940100000000000000e+04,-1.315727841686004540e+00
3.945100000000000000e+04,-1.285571779819598248e+00
3.950100000000000000e+04,-1.282096173329786426e+00
3.955100000000000000e+04,-1.271446293900095448e+00
3.960100000000000000e+04,-1.218797920166466042e+00
3.965100000000000000e+04,-1.316389886067079740e+00
3.970100000000000000e+04,-1.159277747063225839e+00
3.975100000000000000e+04,-1.335256011525785214e+00
3.980100000000000000e+04,-1.295622760013981356e+00
3.985100000000000000e+04,-1.391577413399742946e+00
3.990100000000000000e+04,-1.358193475576524145e+00
3.995100000000000000e+04,-1.418101455626311180e+00
4.000100000000000000e+04,-1.545899317881589408e+00
4.005100000000000000e+04,-1.505994609123832983e+00
4.010100000000000000e+04,-1.572089859170505477e+00
4.015100000000000000e+04,-1.553924147278908485e+00
4.020100000000000000e+04,-1.582296833398948666e+00
4.025100000000000000e+04,-1.465053445953723443e+00
4.030100000000000000e+04,-1.527798570426847302e+00
4.035100000000000000e+04,-1.552001869610127205e+00
4.040100000000000000e+04,-1.603203192808552391e+00
4.045100000000000000e+04,-1.535512554085852965e+00
4.050100000000000000e+04,-1.495591810426704082e+00
4.055100000000000000e+04,-1.693749896836880708e+00
4.060100000000000000e+04,-1.450647637842185755e+00
4.065100000000000000e+04,-1.501379760335932900e+00
4.070100000000000000e+04,-1.527307777449393278e+00
4.075100000000000000e+04,-1.542329875749213652e+00
4.080100000000000000e+04,-1.721269302072578444e+00
4.085100000000000000e+04,-1.730949105913010211e+00
4.090100000000000000e+04,-1.710417284717104192e+00
4.095100000000000000e+04,-1.673600598646960647e+00
4.100100000000000000e+04,-1.799767991036964609e+00
4.105100000000000000e+04,-1.780583605686580473e+00
4.110100000000000000e+04,-1.619429483351761512e+00
4.115100000000000000e+04,-1.617500783953264243e+00
4.120100000000000000e+04,-1.597214703458907703e+00
4.125100000000000000e+04,-1.566331725466303837e+00
4.130100000000000000e+04,-1.564114689171094863e+00
4.135100000000000000e+04,-1.305674321975583307e+00
4.140100000000000000e+04,-1.427367397870982657e+00
4.145100000000000000e+04,-1.583271229459756402e+00
4.150100000000000000e+04,-1.527841062987831844e+00
4.155100000000000000e+04,-1.412517381918647841e+00
4.160100000000000000e+04,-1.450462561535560191e+00
4.165100000000000000e+04,-1.441879315263485228e+00
4.170100000000000000e+04,-1.351359226498831667e+00
4.175100000000000000e+04,-1.436750481427369941e+00
4.180100000000000000e+04,-1.378141899896088596e+00
4.185100000000000000e+04,-1.404817376116802130e+00
4.190100000000000000e+04,-1.328897236929964309e+00
4.195100000000000000e+04,-1.480113125757749337e+00
4.200100000000000000e+04,-1.399258645676543455e+00
4.205100000000000000e+04,-1.308334287351198721e+00
4.210100000000000000e+04,-1.414275997304395016e+00
4.215100000000000000e+04,-1.358224497029291822e+00
4.220100000000000000e+04,-1.300970344258686406e+00
4.225100000000000000e+04,-1.323339136117399173e+00
4.230100000000000000e+04,-1.273328478846203371e+00
4.235100000000000000e+04,-1.351177610834919385e+00
4.240100000000000000e+04,-1.383165577841219296e+00
4.245100000000000000e+04,-1.514600157857930895e+00
4.250100000000000000e+04,-1.517542425394292183e+00
4.255100000000000000e+04,-1.492761907501902741e+00
4.260100000000000000e+04,-1.324328083611367557e+00
4.265100000000000000e+04,-1.368193081533829680e+00
4.270100000000000000e+04,-1.305032601119542557e+00
4.275100000000000000e+04,-1.244146062228218108e+00
4.280100000000000000e+04,-1.346510696466622470e+00
4.285100000000000000e+04,-1.379406380839897528e+00
4.290100000000000000e+04,-1.342750479881617220e+00
4.295100000000000000e+04,-1.339389971552173542e+00
4.300100000000000000e+04,-1.252361752776880666e+00
4.305100000000000000e+04,-1.444820509916645124e+00
4.310100000000000000e+04,-1.383346343732397177e+00
4.315100000000000000e+04,-1.458200448027001661e+00
4.320100000000000000e+04,-1.548935602499193154e+00
4.325100000000000000e+04,-1.505393353715691163e+00
4.330100000000000000e+04,-1.515462855123763664e+00
4.335100000000000000e+04,-1.625328680174163321e+00
4.340100000000000000e+04,-1.667480174714772279e+00
4.345100000000000000e+04,-1.631991078556221275e+00
4.350100000000000000e+04,-1.760834296021223988e+00
4.355100000000000000e+04,-1.789772135672648368e+00
4.360100000000000000e+04,-1.730336962184594762e+00
4.365100000000000000e+04,-1.713437054286419903e+00
4.370100000000000000e+04,-1.802101948331173542e+00
4.375100000000000000e+04,-1.771572407157892881e+00
4.380100000000000000e+04,-1.813152109133628453e+00
4.385100000000000000e+04,-1.766072553381827559e+00
4.390100000000000000e+04,-1.893091611272248675e+00
4.395100000000000000e+04,-1.748023113385656968e+00
4.400100000000000000e+04,-1.857614555337672613e+00
4.405100000000000000e+04,-1.699496440724112434e+00
4.410100000000000000e+04,-1.745163257074831664e+00
4.415100000000000000e+04,-1.628001249387551530e+00
4.420100000000000000e+04,-1.603761843212414107e+00
4.425100000000000000e+04,-1.552583285272226998e+00
4.430100000000000000e+04,-1.562496425997516702e+00
4.435100000000000000e+04,-1.452500516507375661e+00
4.440100000000000000e+04,-1.530446831379147055e+00
4.445100000000000000e+04,-1.389768155669142358e+00
4.450100000000000000e+04,-1.395096083132308484e+00
4.455100000000000000e+04,-1.367095510307448469e+00
4.460100000000000000e+04,-1.335424376289114701e+00
4.465100000000000000e+04,-1.269504857028002753e+00
4.470100000000000000e+04,-1.348734707539483768e+00
4.475100000000000000e+04,-1.247764993374290698e+00
4.480100000000000000e+04,-1.148185986814111770e+00
4.485100000000000000e+04,-1.169280446947029706e+00
4.490100000000000000e+04,-1.138857754976636105e+00
4.495100000000000000e+04,-1.294758174395023165e+00
4.500100000000000000e+04,-1.216734667222738153e+00
4.505100000000000000e+04,-1.139963611723852077e+00
4.510100000000000000e+04,-1.198570794194414590e+00
4.515100000000000000e+04,-1.201364734050656580e+00
4.520100000000000000e+04,-1.179074758301249304e+00
4.525100000000000000e+04,-1.295289703628212497e+00
4.530100000000000000e+04,-1.349847050591325370e+00
4.535100000000000000e+04,-1.345145059120918418e+00
4.540100000000000000e+04,-1.368510285709896968e+00
4.545100000000000000e+04,-1.263085666043513910e+00
4.550100000000000000e+04,-1.300609422106698165e+00
4.555100000000000000e+04,-1.431361906029318343e+00
4.560100000000000000e+04,-1.347851437666214069e+00
4.565100000000000000e+04,-1.400064278547936469e+00
4.570100000000000000e+04,-1.424523047939977527e+00
4.575100000000000000e+04,-1.426838016580125323e+00
4.580100000000000000e+04,-1.390024679651607586e+00
4.585100000000000000e+04,-1.430422608311817889e+00
4.590100000000000000e+04,-1.325618316992909884e+00
4.595100000000000000e+04,-1.270550378550261650e+00
4.600100000000000000e+04,-1.202640415745313218e+00
4.605100000000000000e+04,-1.185863863934657259e+00
4.610100000000000000e+04,-1.098248708902081816e+00
4.615100000000000000e+04,-1.100010939012019406e+00
4.620100000000000000e+04,-1.117133869059803608e+00
4.625100000000000000e+04,-1.029021597069783800e+00
4.630100000000000000e+04,-9.942195043137386223e-01
4.635100000000000000e+04,-1.020253657584206053e+00
4.640100000000000000e+04,-1.016314299356699369e+00
4.645100000000000000e+04,-9.643618382235186193e-01
4.650100000000000000e+04,-1.071713566035197296e+00
4.655100000000000000e+04,-1.038846767269127280e+00
4.660100000000000000e+04,-1.055907755891960065e+00
4.665100000000000000e+04,-9.719787331200506753e-01
4.670100000000000000e+04,-9.580101797462037272e-01
4.675100000000000000e+04,-9.599535628978264068e-01
4.680100000000000000e+04,-1.017694113694171509e+00
4.685100000000000000e+04,-1.042378065556245792e+00
4.690100000000000000e+04,-1.065497878935237619e+00
4.695100000000000000e+04,-1.030320437249421017e+00
4.700100000000000000e+04,-9.832444585917428093e-01
4.705100000000000000e+04,-1.021303613399695109e+00
4.710100000000000000e+04,-9.097073666664772240e-01
4.715100000000000000e+04,-1.027021419187652329e+00
4.720100000000000000e+04,-9.333750770625746096e-01
4.725100000000000000e+04,-9.402517525198903492e-01
4.730100000000000000e+04,-9.920190018883856542e-01
4.735100000000000000e+04,-1.018682773398427610e+00
4.740100000000000000e+04,-1.091447257699648343e+00
4.745100000000000000e+04,-1.143151631212283803e+00
4.750100000000000000e+04,-1.050106543360766143e+00
4.755100000000000000e+04,-1.250892773282159309e+00
4.760100000000000000e+04,-1.129055091144813172e+00
4.765100000000000000e+04,-1.234174058217048398e+00
4.770100000000000000e+04,-1.166828734927019662e+00
4.775100000000000000e+04,-1.190283449652157932e+00
4.780100000000000000e+04,-1.178167477915851524e+00
4.785100000000000000e+04,-1.135755975524915362e+00
4.790100000000000000e+04,-1.146628496024263644e+00
4.795100000000000000e+04,-1.185126753643866104e+00
4.800100000000000000e+04,-1.146946409189367522e+00
4.805100000000000000e+04,-1.086945465301840663e+00
4.810100000000000000e+04,-1.093822152979118112e+00
4.815100000000000000e+04,-1.124872605205967879e+00
4.820100000000000000e+04,-1.040439386614445461e+00
4.825100000000000000e+04,-1.054274262634830928e+00
4.830100000000000000e+04,-1.066984759470188671e+00
4.835100000000000000e+04,-1.081105215618157089e+00
4.840100000000000000e+04,-9.920803815594745334e-01
4.845100000000000000e+04,-1.056080546789684105e+00
4.850100000000000000e+04,-1.013751824982501271e+00
4.855100000000000000e+04,-1.100996563750544777e+00
4.860100000000000000e+04,-1.049914385844703313e+00
4.865100000000000000e+04,-1.037191477049400845e+00
4.870100000000000000e+04,-1.065800275811499720e+00
4.875100000000000000e+04,-1.071413412470974658e+00
4.880100000000000000e+04,-1.041419287907308533e+00
4.885100000000000000e+04,-1.130191352803406435e+00
4.890100000000000000e+04,-1.078438617740236527e+00
4.895100000000000000e+04,-1.114490998111460796e+00
4.900100000000000000e+04,-1.093307998517182744e+00
4.905100000000000000e+04,-9.848801802764188817e-01
4.910100000000000000e+04,-1.044555336402596790e+00
4.915100000000000000e+04,-9.943873458848107028e-01
4.920100000000000000e+04,-9.563228874406269897e-01
4.925100000000000000e+04,-8.965742383883565925e-01
4.930100000000000000e+04,-8.559693901481231215e-01
4.935100000000000000e+04,-8.368961589148630198e-01
4.940100000000000000e+04,-8.544044328786218889e-01
4.945100000000000000e+04,-8.812711452052177652e-01
4.950100000000000000e+04,-8.962642654329089353e-01
4.955100000000000000e+04,-8.073782543091119202e-01
4.960100000000000000e+04,-8.785169659945832876e-01
4.965100000000000000e+04,-8.627348789023989717e-01
4.970100000000000000e+04,-8.434963305812657186e-01
4.975100000000000000e+04,-8.962811222935618272e-01
4.980100000000000000e+04,-8.724230278923545967e-01
4.985100000000000000e+04,-8.703801018689821811e-01
4.990100000000000000e+04,-8.917916082392487453e-01
4.995100000000000000e+04,-8.740997037204827347e-01
5.000100000000000000e+04,-9.157526112890853609e-01
5.005100000000000000e+04,-9.126590794481557189e-01
5.010100000000000000e+04,-8.943233878028972184e-01
5.015100000000000000e+04,-9.726281772857837682e-01
5.020100000000000000e+04,-9.775863879230175524e-01
5.025100000000000000e+04,-9.203389329643693051e-01
5.030100000000000000e+04,-9.920520155542968954e-01
5.035100000000000000e+04,-1.008495924796660725e+00
5.040100000000000000e+04,-9.308146056343464814e-01
5.045100000000000000e+04,-8.576632725404953472e-01
5.050100000000000000e+04,-9.066948138216849307e-01
5.055100000000000000e+04,-9.402144140774670866e-01
5.060100000000000000e+04,-9.485023652013641060e-01
5.065100000000000000e+04,-9.270506767210566768e-01
5.070100000000000000e+04,-1.049816292442126375e+00
5.075100000000000000e+04,-1.057757758443178098e+00
5.080100000000000000e+04,-1.027866131449689302e+00
5.085100000000000000e+04,-9.812380307700143689e-01
5.090100000000000000e+04,-9.150155468535501324e-01
5.095100000000000000e+04,-9.746563014441043116e-01
5.100100000000000000e+04,-9.120334124436664247e-01
5.105100000000000000e+04,-9.736038093755402523e-01
5.110100000000000000e+04,-8.917770456435212267e-01
5.115100000000000000e+04,-8.917389446120048691e-01
5.120100000000000000e+04,-8.481184375033257172e-01
5.125100000000000000e+04,-8.842258341560723656e-01
5.130100000000000000e+04,-8.822717348897812784e-01
5.135100000000000000e+04,-1.005916504975698622e+00
5.140100000000000000e+04,-8.868311010490755875e-01
5.145100000000000000e+04,-9.994980029094240326e-01
5.150100000000000000e+04,-9.914206284504967215e-01
5.155100000000000000e+04,-1.046862069942235074e+00
5.160100000000000000e+04,-1.051999868929769821e+00
5.165100000000000000e+04,-9.183130609450358417e-01
5.170100000000000000e+04,-9.824546640645319684e-01
5.175100000000000000e+04,-8.848023618038539650e-01
5.180100000000000000e+04,-8.518042766761214635e-01
5.185100000000000000e+04,-8.604547557464368168e-01
5.190100000000000000e+04,-1.019700036096362172e+00
5.195100000000000000e+04,-9.493596117403585444e-01
5.200100000000000000e+04,-1.006470228783806764e+00
5.205100000000000000e+04,-9.057120157815516936e-01
5.210100000000000000e+04,-9.001723104898106120e-01
5.215100000000000000e+04,-9.088645540594738614e-01
5.220100000000000000e+04,-9.301129228085077694e-01
5.225100000000000000e+04,-9.026182571200588312e-01
5.230100000000000000e+04,-9.649863314789981494e-01
5.235100000000000000e+04,-8.939220271844972032e-01
5.240100000000000000e+04,-1.025911826511107794e+00
5.245100000000000000e+04,-8.621263760376024488e-01
5.250100000000000000e+04,-8.651465209551780777e-01
5.255100000000000000e+04,-9.115074492553711938e-01
5.260100000000000000e+04,-7.936288600103782453e-01
5.265100000000000000e+04,-8.582454215865189529e-01
5.270100000000000000e+04,-8.985437916332787989e-01
5.275100000000000000e+04,-9.984933903262513955e-01
5.280100000000000000e+04,-8.241639087579508693e-01
5.285100000000000000e+04,-8.155084677310211472e-01
5.290100000000000000e+04,-8.826414027507338833e-01
5.295100000000000000e+04,-8.725290736378227274e-01
5.300100000000000000e+04,-8.756016170625906536e-01
5.305100000000000000e+04,-8.893673570593415567e-01
5.310100000000000000e+04,-8.361237886691910148e-01
5.315100000000000000e+04,-8.414135317897932786e-01
5.320100000000000000e+04,-8.395454220646700882e-01
5.325100000000000000e+04,-8.466282905740321052e-01
5.330100000000000000e+04,-8.724453065830419796e-01
5.335100000000000000e+04,-8.060144302128009475e-01
5.340100000000000000e+04,-8.821604766698367683e-01
5.345100000000000000e+04,-7.642059524893272116e-01
5.350100000000000000e+04,-8.018857642301280286e-01
5.355100000000000000e+04,-7.833515206296656208e-01
5.360100000000000000e+04,-8.073591919893596813e-01
5.365100000000000000e+04,-7.989622406978167390e-01
5.370100000000000000e+04,-8.068957021383132977e-01
5.375100000000000000e+04,-8.298401620689599412e-01
5.380100000000000000e+04,-8.253732058931826376e-01
5.385100000000000000e+04,-8.113573120843560194e-01
5.390100000000000000e+04,-7.394067716472152441e-01
5.395100000000000000e+04,-8.337364571858510987e-01
5.400100000000000000e+04,-8.392527353901351184e-01
5.405100000000000000e+04,-8.718911203088884898e-01
5.410100000000000000e+04,-8.725568193237835946e-01
5.415100000000000000e+04,-8.235781122126486498e-01
5.420100000000000000e+04,-8.560878466700457823e-01
5.425100000000000000e+04,-8.250880948467494980e-01
5.430100000000000000e+04,-9.139906877315804312e-01
5.435100000000000000e+04,-8.547979799617453356e-01
5.440100000000000000e+04,-9.262496436703941960e-01
5.445100000000000000e+04,-1.114798102863792550e+00
5.450100000000000000e+04,-1.025047730311987149e+00
5.455100000000000000e+04,-1.042304654516669871e+00
5.460100000000000000e+04,-1.031048000932385023e+00
5.465100000000000000e+04,-1.044528990637594967e+00
5.470100000000000000e+04,-1.077705753341000161e+00
5.475100000000000000e+04,-1.104377393305002286e+00
5.480100000000000000e+04,-1.089050463562940774e+00
5.485100000000000000e+04,-1.108745063022025468e+00
5.490100000000000000e+04,-1.095432222481483642e+00
5.495100000000000000e+04,-1.049284411242568771e+00
5.500100000000000000e+04,-1.027317173938981476e+00
5.505100000000000000e+04,-1.037859904326716709e+00
5.510100000000000000e+04,-1.046309935609451180e+00
5.515100000000000000e+04,-1.058915756434871014e+00
5.520100000000000000e+04,-1.126825307488185990e+00
5.525100000000000000e+04,-1.051468112851970060e+00
5.530100000000000000e+04,-1.052636855957264084e+00
5.535100000000000000e+04,-1.035081438713933322e+00
5.540100000000000000e+04,-1.002849841311796997e+00
5.545100000000000000e+04,-1.009119781679480798e+00
5.550100000000000000e+04,-1.009039288676210511e+00
5.555100000000000000e+04,-8.959378064069363212e-01
5.560100000000000000e+04,-9.515458240101166698e-01
5.565100000000000000e+04,-9.746873036357124320e-01
5.570100000000000000e+04,-9.360593062023929711e-01
5.575100000000000000e+04,-9.282911382016020285e-01
5.580100000000000000e+04,-8.983398465175811420e-01
5.585100000000000000e+04,-8.657765936536697682e-01
5.590100000000000000e+04,-8.582681942352048399e-01
5.595100000000000000e+04,-8.684411106365270694e-01
5.600100000000000000e+04,-8.686115302572348096e-01
5.605100000000000000e+04,-8.103720817975523794e-01
5.610100000000000000e+04,-9.004410723471559796e-01
5.615100000000000000e+04,-9.121981746047611583e-01
5.620100000000000000e+04,-9.138454450678288321e-01
5.625100000000000000e+04,-8.601062145403315373e-01
5.630100000000000000e+04,-8.064205763046563558e-01
5.635100000000000000e+04,-9.006396813587259631e-01
5.640100000000000000e+04,-8.381764829510436332e-01
5.645100000000000000e+04,-8.533908604244693219e-01
5.650100000000000000e+04,-8.404757459869913738e-01
5.655100000000000000e+04,-8.248859728765938204e-01
5.660100000000000000e+04,-8.075829257072755230e-01
5.665100000000000000e+04,-8.426041683303386876e-01
5.670100000000000000e+04,-7.278868850185944428e-01
5.675100000000000000e+04,-8.081225313506339436e-01
5.680100000000000000e+04,-7.420688277537329514e-01
5.685100000000000000e+04,-8.267781964630182001e-01
5.690100000000000000e+04,-7.936401017187684204e-01
5.695100000000000000e+04,-7.896314722407038467e-01
5.700100000000000000e+04,-8.021229225346621083e-01
5.705100000000000000e+04,-7.877254113778440203e-01
5.710100000000000000e+04,-7.132240331960550961e-01
5.715100000000000000e+04,-7.344267990253541267e-01
5.720100000000000000e+04,-7.763282033917358049e-01
5.725100000000000000e+04,-7.122482914643641916e-01
5.730100000000000000e+04,-6.797917613238741996e-01
5.735100000000000000e+04,-7.097301162407654296e-01
5.740100000000000000e+04,-6.904872759476095023e-01
5.745100000000000000e+04,-7.134785102445728722e-01
5.750100000000000000e+04,-6.222296123801108747e-01
5.755100000000000000e+04,-6.624697037223234997e-01
5.760100000000000000e+04,-6.435556058128399926e-01
5.765100000000000000e+04,-6.037350754992033552e-01
5.770100000000000000e+04,-6.480727443828482315e-01
5.775100000000000000e+04,-6.487210384124875162e-01
5.780100000000000000e+04,-6.076055753022344685e-01
5.785100000000000000e+04,-6.557477036540231285e-01
5.790100000000000000e+04,-6.773443526309400609e-01
5.795100000000000000e+04,-6.812330522553535772e-01
5.800100000000000000e+04,-6.498716035345329933e-01
5.805100000000000000e+04,-6.299929511625078637e-01
5.810100000000000000e+04,-6.109341517116801956e-01
5.815100000000000000e+04,-5.958061025456207194e-01
5.820100000000000000e+04,-5.883983810206712128e-01
5.825100000000000000e+04,-6.059623730228788085e-01
5.830100000000000000e+04,-5.838840276828052289e-01
5.835100000000000000e+04,-6.760668872734468815e-01
5.840100000000000000e+04,-6.643328024272527887e-01
5.845100000000000000e+04,-7.153495451996227938e-01
5.850100000000000000e+04,-7.104806944912478439e-01
5.855100000000000000e+04,-8.350575464331971842e-01
5.860100000000000000e+04,-8.278164573574098295e-01
5.865100000000000000e+04,-7.940243592572355791e-01
5.870100000000000000e+04,-7.713085319368082615e-01
5.875100000000000000e+04,-8.464917926706818641e-01
5.880100000000000000e+04,-7.537115228859523341e-01
5.885100000000000000e+04,-7.629600150593988106e-01
5.890100000000000000e+04,-7.963782194177546625e-01
5.895100000000000000e+04,-8.349607874751061587e-01
5.900100000000000000e+04,-7.756490031727424350e-01
5.905100000000000000e+04,-7.587943942706404377e-01
5.910100000000000000e+04,-7.085604985362564667e-01
5.915100000000000000e+04,-6.948813102437608746e-01
5.920100000000000000e+04,-6.953069986758526611e-01
5.925100000000000000e+04,-7.103959955413404748e-01
5.930100000000000000e+04,-6.935663693280753606e-01
5.935100000000000000e+04,-6.988204673772181463e-01
5.940100000000000000e+04,-6.794007681476209592e-01
5.945100000000000000e+04,-6.924598970998314673e-01
5.950100000000000000e+04,-6.517191284891563630e-01
5.955100000000000000e+04,-6.800134865261380224e-01
5.960100000000000000e+04,-6.661937828712198861e-01
5.965100000000000000e+04,-6.508917580059880859e-01
5.970100000000000000e+04,-6.136054796203131989e-01
5.975100000000000000e+04,-6.519590339252876454e-01
5.980100000000000000e+04,-6.343193491236638337e-01
5.985100000000000000e+04,-6.447725244681992152e-01
5.990100000000000000e+04,-6.579224012803110977e-01
5.995100000000000000e+04,-6.571066389352739900e-01
